<?xml version='1.0' encoding='UTF-8'?>
<system creation-date="2023-04-24 20:56:11.289000" desc="" enable="False" id="165FB334-6316-468F-BB2B-12F0D1863E2D" last-modified-date="" name="Controller1"><applications><application name="RobotWare" version="6.15.2027"><settings><system-xml path="C:\Users\sesha\OneDrive\Documents\RobotStudio\Projects\Material_Handling_Number_29\Virtual Controllers\Controller1\system.xml" /><key-id path="C:\Users\sesha\OneDrive\Documents\RobotStudio\Projects\Material_Handling_Number_29\Virtual Controllers\Controller1\INTERNAL\key.id" /><setting-file path="C:\Users\sesha\OneDrive\Documents\RobotStudio\Projects\Material_Handling_Number_29\Virtual Controllers\Controller1\INTERNAL\controller.rsf" /></settings></application></applications></system>